<?xml version="1.0" encoding="UTF-8"?>
<project-private xmlns="http://www.netbeans.org/ns/project-private/1">
    <editor-bookmarks xmlns="http://www.netbeans.org/ns/editor-bookmarks/2" lastBookmarkId="0"/>
    <open-files xmlns="http://www.netbeans.org/ns/projectui-open-files/2">
        <group>
            <file>file:/D:/Universidad/a/ligaPokempon%20F/src/NodoListaPokemon.java</file>
            <file>file:/D:/Universidad/a/ligaPokempon%20F/src/NodoEntrenadores.java</file>
            <file>file:/D:/Universidad/a/ligaPokempon%20F/src/Oranguru.java</file>
            <file>file:/D:/Universidad/a/ligaPokempon%20F/src/Batalla.java</file>
            <file>file:/D:/Universidad/a/ligaPokempon%20F/src/PilaPokemon.java</file>
            <file>file:/D:/Universidad/a/ligaPokempon%20F/src/IFuego.java</file>
            <file>file:/D:/Universidad/a/ligaPokempon%20F/src/Gyarados.java</file>
            <file>file:/D:/Universidad/a/ligaPokempon%20F/src/Ursaring.java</file>
            <file>file:/D:/Universidad/a/ligaPokempon%20F/src/Snorlax.java</file>
            <file>file:/D:/Universidad/a/ligaPokempon%20F/src/Greninja.java</file>
            <file>file:/D:/Universidad/a/ligaPokempon%20F/src/NodoPokemon.java</file>
            <file>file:/D:/Universidad/a/ligaPokempon%20F/src/INormal.java</file>
            <file>file:/D:/Universidad/a/ligaPokempon%20F/src/Typlosion.java</file>
            <file>file:/D:/Universidad/a/ligaPokempon%20F/src/Charizard.java</file>
            <file>file:/D:/Universidad/a/ligaPokempon%20F/src/ListaPokemonUsu.java</file>
            <file>file:/D:/Universidad/a/ligaPokempon%20F/src/IAgua.java</file>
            <file>file:/D:/Universidad/a/ligaPokempon%20F/src/Entrenadores.java</file>
            <file>file:/D:/Universidad/a/ligaPokempon%20F/src/Pokemon.java</file>
            <file>file:/D:/Universidad/a/ligaPokempon%20F/src/PokemonAleatorios.java</file>
            <file>file:/D:/Universidad/a/ligaPokempon%20F/src/EntrenadorUsu.java</file>
            <file>file:/D:/Universidad/a/ligaPokempon%20F/src/Arcanine.java</file>
            <file>file:/D:/Universidad/a/ligaPokempon%20F/src/Main.java</file>
            <file>file:/D:/Universidad/a/ligaPokempon%20F/src/TorneopokemonGUI.java</file>
            <file>file:/D:/Universidad/a/ligaPokempon%20F/src/Swampert.java</file>
            <file>file:/D:/Universidad/a/ligaPokempon%20F/src/ColaTorneo.java</file>
        </group>
    </open-files>
</project-private>
